title,authors,date,num_references
From Fog to Smog: The Value of Pollution Information,"Panle Jia Barwick , Shanjun Li , Liguo Lin , and Eric Yongchen Zou",May 2024,220
Fighting Climate Change: International Attitudes toward Climate Policies,"Antoine Dechezleprêtre , Adrien Fabre , Tobias Kruse , Bluebery Planterose , Ana Sanchez Chico , and Stefanie Stantcheva",April 2025,215
Does the Squeaky Wheel Get More Grease? The Direct and Indirect Effects of Citizen Participation on Environmental Governance in China,"Mark T. Buntaine , Michael Greenstone , Guojun He , Mengdi Liu , Shaoda Wang , and Bing Zhang",March 2024,213
The Effect of Macroeconomic Uncertainty on Household Spending,"Olivier Coibion , Dimitris Georgarakos , Yuriy Gorodnichenko , Geoff Kenny , and Michael Weber",March 2024,173
Market Power and Innovation in the Intangible Economy,Maarten De Ridder,January 2024,151
On Binscatter,"Matias D. Cattaneo , Richard K. Crump , Max H. Farrell , and Yingjie Feng",May 2024,147
When Tariffs Disrupt Global Supply Chains,"Gene M. Grossman , Elhanan Helpman , and Stephen J. Redding",April 2024,142
"Data, Competition, and Digital Platforms",Dirk Bergemann and Alessandro Bonatti,August 2024,89
Regulating Conglomerates: Evidence from an Energy Conservation Program in China,"Qiaoyi Chen , Zhao Chen , Zhikuo Liu , Juan Carlos Suárez Serrato , and Daniel Yi Xu",February 2025,88
The Social Costs of Keystone Species Collapse: Evidence from the Decline of Vultures in India,Eyal Frank and Anant Sudarshan,October 2024,82
Creating Moves to Opportunity: Experimental Evidence on Barriers to Neighborhood Choice,"Peter Bergman , Raj Chetty , Stefanie DeLuca , Nathaniel Hendren , Lawrence F. Katz , and Christopher Palmer",May 2024,82
Personalized Pricing and Competition,Andrew Rhodes and Jidong Zhou,July 2024,77
100 Years of Rising Corporate Concentration,"Spencer Y. Kwon , Yueran Ma , and Kaspar Zimmermann",July 2024,76
Decisions under Risk Are Decisions under Complexity,Ryan Oprea,December 2024,75
The Flight to Safety and International Risk Sharing,Rohan Kekre and Moritz Lenel,June 2024,69
The Immigrant Next Door,"Leonardo Bursztyn , Thomas Chaney , Tarek A. Hassan , and Aakaash Rao",February 2024,69
Status Externalities in Education and Low Birth Rates in Korea,"Seongeun Kim , Michèle Tertilt , and Minchul Yum",June 2024,68
"How Competitive Is the Stock Market? Theory, Evidence from Portfolios, and Implications for the Rise of Passive Investing","Valentin Haddad , Paul Huebner , and Erik Loualiche",March 2025,55
Financial Technology Adoption: Network Externalities of Cashless Payments in Mexico,Sean Higgins,November 2024,54
Contamination Bias in Linear Regressions,"Paul Goldsmith-Pinkham , Peter Hull , and Michal Kolesár",December 2024,51
"Shocks, Frictions, and Inequality in US Business Cycles","Christian Bayer , Benjamin Born , and Ralph Luetticke",May 2024,50
In Harm's Way? Infrastructure Investments and the Persistence of Coastal Cities,Clare Balboni,January 2025,47
Nobel Lecture: An Evolving Economic Force,Claudia Goldin,June 2024,47
Demographic Origins of the Start-up Deficit,"Fatih Karahan , Benjamin Pugsley , and Ayşegül Şahin",July 2024,46
Information Technology and Returns to Scale,"Danial Lashkari , Arthur Bauer , and Jocelyn Boussard",June 2024,45
The Long-Run Effects of Government Spending,Juan Antolin-Diaz and Paolo Surico,July 2025,44
A Framework for Economic Growth with Capital-Embodied Technical Change,Benjamin F. Jones and Xiaojie Liu,May 2024,43
Revealing Stereotypes: Evidence from Immigrants in Schools,"Alberto Alesina , Michela Carlana , Eliana La Ferrara , and Paolo Pinotti",July 2024,42
Organized Crime and Economic Growth: Evidence from Municipalities Infiltrated by the Mafia,Alessandra Fenizia and Raffaele Saggio,July 2024,42
Local Economic and Political Effects of Trade Deals: Evidence from NAFTA,"Jiwon Choi , Ilyana Kuziemko , Ebonya Washington , and Gavin Wright",June 2024,42
The Gender Gap in Confidence: Expected but Not Accounted For,Christine L. Exley and Kirby Nielsen,March 2024,42
Strengthening State Capacity: Civil Service Reform and Public Sector Performance during the Gilded Age,Abhay Aneja and Guo Xu,August 2024,40
Mental Models and Learning: The Case of Base-Rate Neglect,"Ignacio Esponda , Emanuel Vespa , and Sevgi Yuksel",March 2024,39
Corporate Discount Rates,Niels Joachim Gormsen and Kilian Huber,June 2025,37
Do Credit Conditions Move House Prices?,Daniel L. Greenwald and Adam Guren,October 2025,36
Universalism: Global Evidence,"Alexander W. Cappelen , Benjamin Enke , and Bertil Tungodden",January 2025,36
Merchants of Death: The Effect of Credit Supply Shocks on Hospital Outcomes,"Cyrus Aghamolla , Pinar Karaca-Mandic , Xuelin Li , and Richard T. Thakor",November 2024,36
Misallocation under Trade Liberalization,"Yan Bai , Keyu Jin , and Dan Lu",July 2024,36
"Learning by Necessity: Government Demand, Capacity Constraints, and Productivity Growth",Ethan Ilzetzki,August 2024,35
Efficiency and Equity Impacts of Urban Transportation Policies with Equilibrium Sorting,"Panle Jia Barwick , Shanjun Li , Andrew Waxman , Jing Wu , and Tianli Xia",October 2024,34
Universal Basic Income: A Dynamic Assessment,Diego Daruich and Raquel Fernández,January 2024,32
Resisting Social Pressure in the Household Using Mobile Money: Experimental Evidence on Microenterprise Investment in Uganda,Emma Riley,May 2024,31
The Nurture of Nature and the Nature of Nurture: How Genes and Investments Interact in the Formation of Skills,"Mikkel Aagaard Houmark , Victor Ronda , and Michael Rosholm",February 2024,31
"When Do ""Nudges"" Increase Welfare?","Hunt Allcott , Daniel Cohen , William Morrison , and Dmitry Taubinsky",May 2025,30
Retirement Consumption and Pension Design,"Jonas Kolsrud , Camille Landais , Daniel Reck , and Johannes Spinnewijn",January 2024,30
"Nobel Lecture: Institutions, Technology, and Prosperity",Daron Acemoglu,June 2025,29
Whatever It Takes? The Impact of Conditional Policy Promises,"Valentin Haddad , Alan Moreira , and Tyler Muir",January 2025,29
"Old Age Risks, Consumption, and Insurance","Richard Blundell , Margherita Borella , Jeanne Commault , and Mariacristina De Nardi",February 2024,28
Product Differentiation and Oligopoly: A Network Approach,Bruno Pellegrino,April 2025,27
Internationalizing Like China,"Christopher Clayton , Amanda Dos Santos , Matteo Maggiori , and Jesse Schreger",March 2025,27
"Bank Runs, Fragility, and Credit Easing",Manuel Amador and Javier Bianchi,July 2024,27
The Economic Impact of Depression Treatment in India: Evidence from Community-Based Provision of Pharmacotherapy,Manuela Angelucci and Daniel Bennett,January 2024,27
"The Geographic Flow of Bank Funding and Access to Credit: Branch Networks, Synergies, and Local Competition","Victor Aguirregabiria , Robert Clark , and Hui Wang",June 2025,26
Polity Size and Local Government Performance: Evidence from India,Veda Narasimhan and Jeffrey Weaver,November 2024,26
Spending and Job-Finding Impacts of Expanded Unemployment Benefits: Evidence from Administrative Micro Data,"Peter Ganong , Fiona Greig , Pascal Noel , Daniel M. Sullivan , and Joseph Vavra",September 2024,26
"Long-Run Trends in Long-Maturity Real Rates, 1311–2022","Kenneth S. Rogoff , Barbara Rossi , and Paul Schmelzing",August 2024,26
Five Facts about MPCs: Evidence from a Randomized Experiment,"Johannes Boehm , Etienne Fize , and Xavier Jaravel",January 2025,25
Long-Run Effects of Incentivizing Work after Childbirth,Elira Kuka and Na'ama Shenhav,June 2024,25
Motivated Errors,Christine L. Exley and Judd B. Kessler,April 2024,25
Trade Shocks and Credit Reallocation,"Stefano Federico , Fadi Hassan , and Veronica Rappoport",April 2025,24
Optimally Imprecise Memory and Biased Forecasts,"Rava Azeredo da Silveira , Yeji Sung , and Michael Woodford",October 2024,24
Local Productivity Spillovers,"Nathaniel Baum-Snow , Nicolas Gendron-Carrier , and Ronni Pavan",April 2024,24
Asset-Based Microfinance for Microenterprises: Evidence from Pakistan,Faisal Bari ⓡ Kashif Malik ⓡ Muhammad Meki ⓡ Simon Quinn,February 2024,24
Start-up Costs and Market Power: Lessons from the Renewable Energy Transition,Akshaya Jha and Gordon Leslie,February 2025,23
Women Left Behind: Gender Disparities in Utilization of Government Health Insurance in India,Pascaline Dupas and Radhika Jain,October 2024,23
Breaking Gender Barriers: Experimental Evidence on Men in Pink-Collar Jobs,Alexia Delfino,June 2024,23
Anticipatory Anxiety and Wishful Thinking,"Jan B. Engelmann , Maël Lebreton , Nahuel A. Salem-Garcia , Peter Schwardmann , and Joël J. van der Weele",April 2024,23
Market-Wide Predictable Price Pressure,Samuel M. Hartzmark and David H. Solomon,September 2025,22
Moonshot: Public R&D and Growth,Shawn Kantor and Alexander Whalley,September 2025,21
Cultural Distance and Ethnic Civil Conflict,Eleonora Guarnieri,April 2025,21
The Opportunity Cost of Debt Aversion,Alejandro Martínez-Marquina and Mike Shi,April 2024,21
Nurturing Childhood Curiosity to Enhance Learning: Evidence from a Randomized Pedagogical Intervention,Sule Alan and Ipek Mumcu,April 2024,21
Default Options and Retirement Saving Dynamics,Taha Choukhmane,November 2025,20
"Political Correctness, Social Image, and Information Transmission",Luca Braghieri,December 2024,20
The Dynamic Consequences of State Building: Evidence from the French Revolution,"Cédric Chambru , Emeric Henry , and Benjamin Marx",November 2024,20
Task-Based Discrimination,"Erik Hurst , Yona Rubinstein , and Kazuatsu Shimizu",June 2024,20
Urban Public Works in Spatial Equilibrium: Experimental Evidence from Ethiopia,"Simon Franklin , Clément Imbert , Girum Abebe , and Carolina Mejia-Mantilla",May 2024,20
Pricing Power in Advertising Markets: Theory and Evidence,"Matthew Gentzkow , Jesse M. Shapiro , Frank Yang , and Ali Yurukoglu",February 2024,20
Disentangling Moral Hazard and Adverse Selection,"Henrique Castro-Pires , Hector Chade , and Jeroen Swinkels",January 2024,20
The Price of Power: Costs of Political Corruption in Indian Electricity,Meera Mahadevan,October 2024,19
Gender Differences in Medical Evaluations: Evidence from Randomly Assigned Doctors,Marika Cabral and Marcus Dillender,February 2024,19
When Product Markets Become Collective Traps: The Case of Social Media,"Leonardo Bursztyn , Benjamin Handel , Rafael Jiménez-Durán , and Christopher Roth",December 2025,18
"Power Flows: Transmission Lines, Allocative Efficiency, and Corporate Profits",Catherine Hausman,August 2025,18
Innovative Ideas and Gender (In)equality,Marlène Koffi,July 2025,18
Hub-and-Spoke Cartels: Theory and Evidence from the Grocery Industry,"Robert Clark , Ig Horstmann , and Jean-François Houde",March 2024,18
Imperfect Competition and Rents in Labor and Product Markets: The Case of the Construction Industry,"Kory Kroft , Yao Luo , Magne Mogstad , and Bradley Setzler",September 2025,17
Beliefs in Repeated Games: An Experiment,"Masaki Aoyagi , Guillaume R. Fréchette , and Sevgi Yuksel",December 2024,17
A Discrimination Report Card,"Patrick Kline , Evan K. Rose , and Christopher R. Walters",August 2024,17
"The Gift of a Lifetime: The Hospital, Modern Medicine, and Mortality","Alex Hollingsworth , Krzysztof Karbownik , Melissa A. Thomasson , and Anthony Wray",July 2024,17
Is Journalistic Truth Dead? Measuring How Informed Voters Are about Political News,Charles Angelucci and Andrea Prat,April 2024,17
Land Rental Markets: Experimental Evidence from Kenya,"Michelle Acampora , Lorenzo Casaburi , and Jack Willis",March 2025,16
The Decline of Too Big to Fail,"Antje Berndt , Darrell Duffie , and Yichao Zhu",March 2025,16
The Benefits of Revealing Race: Evidence from Minority-Owned Local Businesses,"Abhay Aneja , Michael Luca , and Oren Reshef",February 2025,16
Dynamic Inconsistency in Risky Choice: Evidence from the Lab and Field,"Rawley Heimer , Zwetelina Iliewa , Alex Imas , and Martin Weber",January 2025,16
Sufficient Statistics for Nonlinear Tax Systems with General Across-Income Heterogeneity,"Antoine Ferey , Benjamin B. Lockwood , and Dmitry Taubinsky",October 2024,16
"Rising Top, Falling Bottom: Industries and Rising Wage Inequality","John Haltiwanger , Henry R. Hyatt , and James R. Spletzer",October 2024,16
Arbitraging Covered Interest Rate Parity Deviations and Bank Lending,Lorena Keller,September 2024,16
Place-Based Redistribution,"Cecile Gaubert , Patrick Kline , Damian Vergara , and Danny Yagan",October 2025,15
Home Price Expectations and Spending: Evidence from a Field Experiment,"Felix Chopra , Christopher Roth , and Johannes Wohlfart",July 2025,15
The Global Financial Resource Curse,"Gianluca Benigno , Luca Fornaro , and Martin Wolf",January 2025,15
A Technology-Gap Model of 'Premature' Deindustrialization,Ippei Fujiwara and Kiminori Matsuyama,November 2024,15
Indirect Effects of Access to Finance,Jing Cai and Adam Szeidl,August 2024,15
The Economics of the Public Option: Evidence from Local Pharmaceutical Markets,"Juan Pablo Atal , José Ignacio Cuesta , Felipe González , and Cristóbal Otero",March 2024,15
Distinguishing Common Ratio Preferences from Common Ratio Effects Using Paired Valuation Tasks,"Christina McGranaghan , Kirby Nielsen , Ted O'Donoghue , Jason Somerville , and Charles D. Sprenger",February 2024,15
Politics at Work,"Emanuele Colonnelli , Valdemar Pinho Neto , and Edoardo Teso",October 2025,14
The Debt-Inflation Channel of the German (Hyper) Inflation,"Markus Brunnermeier , Sergio Correia , Stephan Luck , Emil Verner , and Tom Zimmermann",July 2025,14
Micro Risks and (Robust) Pareto-Improving Policies,"Mark Aguiar , Manuel Amador , and Cristina Arellano",November 2024,14
Financial Access and Labor Market Outcomes: Evidence from Credit Lotteries,"Bernardus Van Doornik , Armando Gomes , David Schoenherr , and Janis Skrastins",June 2024,14
The Political Development Cycle: The Right and the Left in People's Republic of China from 1953,"Anton Cheremukhin , Mikhail Golosov , Sergei Guriev , and Aleh Tsyvinski",April 2024,14
Selling Subscriptions,"Liran Einav , Ben Klopack , and Neale Mahoney",May 2025,13
"Fragile New Economy: Intangible Capital, Corporate Savings Glut, and Financial Instability",Ye Li,April 2025,13
Prolonged Learning and Hasty Stopping: The Wald Problem with Ambiguity,"Sarah Auster , Yeon-Koo Che , and Konrad Mierendorff",February 2024,13
"Quid Pro Quo, Knowledge Spillovers, and Industrial Quality Upgrading: Evidence from the Chinese Auto Industry","Jie Bai , Panle Jia Barwick , Shengmao Cao , and Shanjun Li",November 2025,12
Monopsony and Employer Misoptimization Explain Why Wages Bunch at Round Numbers,"Arindrajit Dube , Alan Manning , and Suresh Naidu",August 2025,12
The Comparative Statics of Sorting,Axel Anderson and Lones Smith,March 2024,12
The Ends of 27 Big Depressions,"Martin Ellison , Sang Seok Lee , and Kevin Hjortshøj O'Rourke",January 2024,12
Managers and Public Hospital Performance,Pablo Muñoz and Cristóbal Otero,November 2025,11
Direct and Indirect Effects of Investment Tax Incentives,Adrian Lerche,August 2025,11
Who Benefits from Online Gig Economy Platforms?,Christopher T. Stanton and Catherine Thomas,June 2025,11
Mortgage Pricing and Monetary Policy,"Matteo Benetton , Alessandro Gavazza , and Paolo Surico",March 2025,11
Price Floors and Employer Preferences: Evidence from a Minimum Wage Experiment,John J. Horton,January 2025,11
Aiming for the Goal: Contribution Dynamics of Crowdfunding,"Joyee Deb , Aniko Öry , and Kevin R. Williams",December 2024,11
Revealing Choice Bracketing,Andrew Ellis and David J. Freeman,September 2024,11
Age Set versus Kin: Culture and Financial Ties in East Africa,Jacob Moscona and Awa Ambra Seck,September 2024,11
Big Loans to Small Businesses: Predicting Winners and Losers in an Entrepreneurial Lending Experiment,"Gharad Bryan , Dean Karlan , and Adam Osman",September 2024,11
In-Kind Transfers as Insurance,"Lucie Gadenne , Samuel Norris , Monica Singhal , and Sandip Sukhtankar",September 2024,11
Information Choice in Auctions,Nina Bobkova,July 2024,11
Test-Optional Admissions,"Wouter Dessein , Alex Frankel , and Navin Kartik",September 2025,10
The End of Privilege: A Reexamination of the Net Foreign Asset Position of the United States,"Andrew Atkeson , Jonathan Heathcote , and Fabrizio Perri",July 2025,10
Fiscal Policy and Credit Supply in a Crisis,"Diana Bonfim , Miguel A. Ferreira , Francisco Queiró , and Sujiao (Emma) Zhao",June 2025,10
Efficiency in Household Decision-Making: Evidence from the Retirement Savings of US Couples,"Taha Choukhmane , Lucas Goodman , and Cormac O'Dea",May 2025,10
Robust Monopoly Regulation,Yingni Guo and Eran Shmaya,February 2025,10
Bias and Sensitivity under Ambiguity,"Zhen Huo , Marcelo Pedroni , and Guangyu Pei",December 2024,10
Gender Differences in Financial Advice,"Tabea Bucher-Koenen , Andreas Hackethal , Johannes Koenen , and Christine Laudenbach",December 2025,9
A Goldilocks Theory of Fiscal Deficits,"Atif Mian , Ludwig Straub , and Amir Sufi",December 2025,9
Treatment Effects in Market Equilibrium,"Evan Munro , Xu Kuang , and Stefan Wager",October 2025,9
"Apart but Connected: Online Tutoring, Cognitive Outcomes, and Soft Skills",Michela Carlana and Eliana La Ferrara,October 2025,9
Micro versus Macro Labor Supply Elasticities: The Role of Dynamic Returns to Effort,"Henrik Kleven , Claus Kreiner , Kristian Larsen , and Jakob Søgaard",September 2025,9
Targeting Impact versus Deprivation,"Johannes Haushofer , Paul Niehaus , Carlos Paramo , Edward Miguel , and Michael Walker",June 2025,9
The Role of People versus Places in Individual Carbon Emissions,Eva Lyubich,May 2025,9
Sticky Wages on the Layoff Margin,Steven J. Davis and Pawel M. Krolikowski,February 2025,9
Hedging When Applying: Simultaneous Search with Correlation,S. Nageeb Ali and Ran I. Shorrer,February 2025,9
Generalized Social Marginal Welfare Weights Imply Inconsistent Comparisons of Tax Policies,Itai Sher,November 2024,9
Public Discourse and Socially Responsible Market Behavior,"Björn Bartling , Vanessa Valero , Roberto A. Weber , and Lan Yao",October 2024,9
Monotone Function Intervals: Theory and Applications,Kai Hao Yang and Alexander K. Zentefis,August 2024,9
Welfare Comparisons for Biased Learning,"Mira Frick , Ryota Iijima , and Yuhta Ishii",June 2024,9
Nested Bundling,Frank Yang,September 2025,8
"Labor Market Power, Self-Employment, and Development","Francesco Amodio , Pamela Medina , and Monica Morlacco",September 2025,8
Is Air Pollution Regulation Too Lenient? Evidence from US Offset Markets,Joseph S. Shapiro and Reed Walker,September 2025,8
A Model of Populism as a Conspiracy Theory,Adam Szeidl and Ferenc Szucs,September 2025,8
A Stepping Stone Approach to Norm Transitions,"Selim Gulesci , Sam Jindani , Eliana La Ferrara , David Smerdon , Munshi Sulaiman , and Peyton Young",July 2025,8
Undergraduate Gender Diversity and the Direction of Scientific Research,Francesca Truffa and Ashley Wong,July 2025,8
Does Entry Remedy Collusion? Evidence from the Generic Prescription Drug Cartel,Amanda Starc and Thomas G. Wollmann,May 2025,8
How Do Mental Health Treatment Delays Impact Long-Term Mortality?,Sydney Costantini,May 2025,8
Curbing Leakage in Public Programs: Evidence from India's Direct Benefit Transfer Policy,Prabhat Barnwal,December 2024,8
The Real State: Inside the Congo's Traffic Police Agency,"Raúl Sánchez de la Sierra , Kristof Titeca , Haoyang (Stan) Xie , Aimable Amani Lameke , and Albert Malukisa Nkuku",December 2024,8
Valuing Long-Term Property Rights with Anticipated Political Regime Shifts,"Zhiguo He , Maggie Hu , Zhenping Wang , and Vincent Yao",September 2024,8
Redesigning the US Army's Branching Process: A Case Study in Minimalist Market Design,"Kyle Greenberg , Parag A. Pathak , and Tayfun Sönmez",April 2024,8
Optimal Inference for Spot Regressions,"Tim Bollerslev , Jia Li , and Yuexuan Ren",March 2024,8
Propagation and Insurance in Village Networks,"Cynthia Kinnan , Krislert Samphantharak , Robert Townsend , and Diego Vera-Cossio",January 2024,8
Employers and Unemployment Insurance Take-Up,"Marta Lachowska , Isaac Sorkin , and Stephen A. Woodbury",August 2025,7
Presidential Address: The Economist as Designer in the Innovation Process for Socially Impactful Digital Products,Susan Athey,April 2025,7
Corruption as a Local Advantage: Evidence from the Indigenization of Nigerian Oil,Jonah M. Rexer,March 2025,7
Measuring Science: Performance Metrics and the Allocation of Talent,"Sebastian Hager , Carlo Schwarz , and Fabian Waldinger",December 2024,7
Comparisons of Signals,"Benjamin Brooks , Alexander Frankel , and Emir Kamenica",September 2024,7
Household Labor Supply and the Value of Social Security Survivors Benefits,"David Coyne , Itzik Fadlon , Shanthi P. Ramnath , and Patricia K. Tong",May 2024,7
Competing to Commit: Markets with Rational Inattention,"Carlo M. Cusumano , Francesco Fabbri , and Ferdinand Pieroth",January 2024,7
Downward Rigidity in the Wage for New Hires,Jonathon Hazell and Bledi Taska,December 2025,6
First-Generation Elite: The Role of School Social Networks,"Sarah Cattan , Kjell G. Salvanes , and Emma Tominey",December 2025,6
"Incentive Complexity, Bounded Rationality, and Effort Provision","Johannes Abeler , David Huffman , and Collin Raymond",December 2025,6
Anatomy of the Phillips Curve: Micro Evidence and Macro Implications,"Luca Gagliardone , Mark Gertler , Simone Lenzu , and Joris Tielens",November 2025,6
Monetary Policy and the Labor Market: A Quasi-experiment in Sweden,"John Coglianese , Maria Olsson , and Christina Patterson",October 2025,6
Cursed Sequential Equilibrium,"Meng-Jhang Fong , Po-Hsuan Lin , and Thomas R. Palfrey",August 2025,6
The Negligible Effect of Free Contraception on Fertility: Experimental Evidence from Burkina Faso,"Pascaline Dupas , Seema Jayachandran , Adriana Lleras-Muney , and Pauline Rossi",August 2025,6
Empowering Adolescents to Transform Schools: Lessons from a Behavioral Targeting,Sule Alan and Elif Kubilay,February 2025,6
Organized Voters: Elections and Public Funding of Nonprofits,Camille Urvoy,January 2025,6
Quality Is in the Eye of the Beholder: Taste Projection in Markets with Observational Learning,Tristan Gagnon-Bartsch and Antonio Rosato,November 2024,6
Investing in the Next Generation: The Long-Run Impacts of a Liquidity Shock,"Patrick Agte , Arielle Bernhardt , Erica Field , Rohini Pande , and Natalia Rigol",September 2024,6
Changing Income Risk across the US Skill Distribution: Evidence from a Generalized Kalman Filter,"J. Carter Braxton , Kyle Herkenhoff , Jonathan Rothbaum , and Lawrence Schmidt",December 2025,5
"A Preferred-Habitat Model of Term Premia, Exchange Rates, and Monetary Policy Spillovers","Pierre-Olivier Gourinchas , Walker Ray , and Dimitri Vayanos",November 2025,5
Distinguishing Causes of Neighborhood Racial Change: A Nearest-Neighbor Design,"Patrick Bayer , Marcus Casey , W. Ben McCartney , John Orellana-Li , and Calvin Zhang",November 2025,5
Robustness Measures for Welfare Analysis,Zi Yang Kang and Shoshana Vasserman,August 2025,5
Leaders in Social Movements: Evidence from Unions in Myanmar,"Laura Boudreau , Rocco Macchiavello , Virginia Minni , and Mari Tanaka",June 2025,5
Changing Tracks: Human Capital Investment after Loss of Ability,"Anders Humlum , Jakob R. Munch , and Pernille Plato",May 2025,5
Do Ordeals Work for Selection Markets? Evidence from Health Insurance Auto-Enrollment,Mark Shepard and Myles Wagner,March 2025,5
The Good Wife? Reputation Dynamics and Financial Decision-Making inside the Household,"Nina Buchmann , Pascaline Dupas , and Roberta Ziparo",February 2025,5
Heterogeneity in School Value Added and the Private Premium,"Tahir Andrabi , Natalie Bau , Jishnu Das , and Asim I. Khwaja",January 2025,5
Monitoring in Small Firms: Experimental Evidence from Kenyan Public Transit,"Erin M. Kelley , Gregory Lane , and David Schönholzer",October 2024,5
Opportunity Unraveled: Private Information and the Missing Markets for Financing Human Capital,Daniel Herbst and Nathaniel Hendren,July 2024,5
Just a Few Seeds More: The Value of Network Data for Diffusion,"Mohammad Akbarpour , Suraj Malladi , and Amin Saberi",November 2025,4
Drivers of Change: Employment Responses to the Lifting of the Saudi Female Driving Ban,"Chaza Abou Daher , Erica Field , Kendal Swanson , and Kate Vyborny",September 2025,4
Mission Motivation and Public Sector Performance: Experimental Evidence from Pakistan,Muhammad Yasir Khan,July 2025,4
Nobel Lecture: Paths to the Periphery,James A. Robinson,June 2025,4
Optimal Security Design for Risk-Averse Investors,"Alex Gershkov , Benny Moldovanu , Philipp Strack , and Mengxi Zhang",June 2025,4
Political Social Learning: Short-Term Memory and Cycles of Polarization,Gilat Levy and Ronny Razin,February 2025,4
Crowding in School Choice,"William Phan , Ryan Tierney , and Yu Zhou",August 2024,4
Firm Responses and Wage Effects of Foreign Demand Shocks with Fixed Labor Costs and Monopsony,"Emmanuel Dhyne , Ayumu Ken Kikkawa , Toshiaki Komatsu , Magne Mogstad , and Felix Tintelnot",December 2025,3
Borrowing and Spending in the Money: Debt Substitution and the Cash-Out Refinance Channel of Monetary Policy,"Elliot Anenberg , Tess Scharlemann , and Eileen van Straelen",November 2025,3
Increasing Degree Attainment among Low-Income Students: The Role of Intensive Advising and College Quality,Andrew Barr and Benjamin Castleman,November 2025,3
Diffusion of Reproductive Health Behavior through International Migration: Effects on Origin-Country Fertility,Susan Godlonton and Caroline Theoharides,October 2025,3
Keep Your Enemies Closer: Strategic Platform Adjustments during US and French Elections,"Rafael Di Tella , Randy Kotti , Caroline Le Pennec , and Vincent Pons",August 2025,3
From Retributive to Restorative: An Alternative Approach to Justice in Schools,"Anjali Adukia , Benjamin Feigenberg , and Fatemeh Momeni",August 2025,3
Monetary Policy and Rational Asset Price Bubbles: Comment,"Franklin Allen , Gadi Barlevy , and Douglas Gale",August 2025,3
Presidential Address: Investing in Children to Address the Child Mental Health Crisis,Janet Currie,May 2025,3
Risk Aversion and Insurance Propensity,"Fabio Maccheroni , Massimo Marinacci , Ruodu Wang , and Qinyu Wu",May 2025,3
Dying or Lying? For-Profit Hospices and End-of-Life Care,"Jonathan Gruber , David H. Howard , Jetson Leder-Luis , and Theodore L. Caputi",January 2025,3
"Loans for the ""Little Fellow"": Credit, Crisis, and Recovery in the Great Depression",Sarah Quincy,December 2024,3
Institution Building without Commitment,"Marco Bassetto , Zhen Huo , and José-Víctor Ríos-Rull",November 2024,3
An Equilibrium Analysis of the Effects of Neighborhood-Based Interventions on Children,Eric Chyn and Diego Daruich,December 2025,2
Nonlinear Pricing and Misallocation,Gideon Bornstein and Alessandra Peter,November 2025,2
The Value of Software,Roberto Gómez-Cram and Alastair Lawrence,October 2025,2
"Intermediated Asymmetric Information, Compensation, and Career Prospects",Ron Kaniel and Dmitry Orlov,October 2025,2
Nobel Lecture: The Institutional Origins of Shared Prosperity,Simon Johnson,June 2025,2
Ownership Concentration and Strategic Supply Reduction,"Ulrich Doraszelski , Katja Seim , Michael Sinkinson , and Peichun Wang",March 2025,2
"Sticky Spending, Sequestration, and Government Debt",Facundo Piguillem and Alessandro Riboni,November 2024,2
Experimentation in Networks,Simon Board and Moritz Meyer-ter-Vehn,September 2024,2
Repeated Trading: Transparency and Market Structure,Ayça Kaya and Santanu Roy,August 2024,2
Buying from a Group,"Nima Haghpanah , Aditya Kuvalekar , and Elliot Lipnowski",August 2024,2
Allocation Mechanisms with Mixture-Averse Preferences,David Dillenberger and Uzi Segal,December 2025,1
International Trade Responses to Labor Market Regulations,Mathilde Muñoz,November 2025,1
Consistent Evidence on Duration Dependence of Price Changes,"Fernando Alvarez , Katarína Borovičková , and Robert Shimer",October 2025,1
The Long-Term Effects of Income for At-Risk Infants: Evidence from Supplemental Security Income,"Amelia Hawkins , Christopher Hollrah , Sarah Miller , Laura R. Wherry , Gloria Aldana , and Mitchell Wong",September 2025,1
Underbidding for Oil and Gas Tracts,"Julien Martin , Martin Pesendorfer , and Jack Shannon",August 2025,1
Effects of Enhanced Legal Aid in Child Welfare: Evidence from a Randomized Trial of Mi Abogado,"Ryan Cooper , Joseph J. Doyle , and Andrés Hojman",July 2025,1
A Theory of Dynamic Inflation Targets,Christopher Clayton and Andreas Schaab,February 2025,1
Dynamic Outside Options and Optimal Negotiation Strategies,Andrew McClellan,October 2024,1
"Supply, Demand, Institutions, and Firms: A Theory of Labor Market Sorting and the Wage Distribution",Daniel Haanwinckel,December 2025,0
Strategic Voting in Two-Party Legislative Elections,Niall Hughes,December 2025,0
The Trade-Off between Flexibility and Robustness in Instrumental Variables Analysis,Ben Deaner,November 2025,0
Weighted Linear Discrete Choice,"Christopher P. Chambers , Yusufcan Masatlioglu , Paulo Natenzon , and Collin Raymond",April 2025,0
When Money Dies: The Dynamics of Speculative Hyperinflations,Guillaume Rocheteau,April 2025,0
